,Country Name,Country Code,Year,Invasive Non-typhoidal Salmonella (iNTS)  ,Interpersonal violence  ,Nutritional deficiencies  ,Acute hepatitis  ,Neoplasms  ,Measles  ,Digestive diseases  ,Cirrhosis and other chronic liver diseases  ,Chronic kidney disease  ,Cardiovascular diseases  ,Congenital birth defects  ,Lower respiratory infections  ,Neonatal preterm birth  ,Environmental heat and cold exposure  ,Neonatal sepsis and other neonatal infections  ,Exposure to forces of nature  ,Diabetes mellitus  ,Neonatal encephalopathy due to birth asphyxia and trauma  ,Meningitis  ,Other neonatal disorders  ,Whooping cough  ,Diarrheal diseases  ,"Fire, heat, and hot substances  ",Road injuries  ,Tuberculosis  ,HIV/AIDS  ,Drowning  ,Malaria  ,Syphilis  
29,Afghanistan,AFG,2019,173.6506317,240.0,925.0,307.0,620.0,1061.0,636.0,194.0,299.0,207.0,16589.0,13770.0,8516.0,1.0,1243.0,43.0,62.0,2394.0,953.0,10986.0,3104.0,4109.0,110.0,609.0,344.0,98.0,552.0,92.0,369.5138688
149,Albania,ALB,2019,0.072981634,1.0,2.0,0.0,17.0,1.0,9.0,2.0,2.0,18.0,98.0,65.0,53.0,0.0,1.0,2.0,0.0,17.0,3.0,88.0,3.0,1.0,2.0,6.0,0.0,0.0,5.0,0.0,2.363532309
179,Algeria,DZA,2019,8.178061221,9.0,27.0,10.0,125.0,75.0,128.0,46.0,71.0,208.0,4936.0,766.0,5499.0,1.0,363.0,0.0,15.0,860.0,64.0,1954.0,244.0,254.0,63.0,483.0,9.0,19.0,83.0,0.0,80.52587327
239,American Samoa,ASM,2019,0.006926077,0.0,0.0,0.0,0.0,1.0,0.0,0.0,0.0,0.0,1.0,1.0,2.0,0.0,0.0,0.0,0.0,1.0,0.0,1.0,0.0,0.0,0.0,0.0,0.0,0.0,0.0,0.0,1.178882028
299,Andorra,AND,2019,0.000490397,0.0,0.0,0.0,0.0,0.0,0.0,0.0,0.0,0.0,0.0,0.0,0.0,0.0,0.0,0.0,0.0,0.0,0.0,0.0,0.0,0.0,0.0,0.0,0.0,0.0,0.0,0.0,0.022067049
329,Angola,AGO,2019,420.4061004,99.0,1856.0,24.0,378.0,932.0,427.0,95.0,91.0,226.0,4340.0,5577.0,7085.0,16.0,2377.0,5.0,66.0,4633.0,1064.0,3892.0,3064.0,7088.0,171.0,1292.0,1549.0,844.0,375.0,6045.0,2312.245984
359,Antigua and Barbuda,ATG,2019,0.000384983,0.0,0.0,0.0,0.0,0.0,0.0,0.0,0.0,0.0,2.0,1.0,2.0,0.0,1.0,0.0,0.0,1.0,0.0,1.0,0.0,0.0,0.0,0.0,0.0,0.0,0.0,0.0,0.004096325
389,Argentina,ARG,2019,0.405385241,37.0,50.0,2.0,153.0,0.0,42.0,7.0,24.0,76.0,2058.0,450.0,1895.0,1.0,471.0,0.0,4.0,414.0,67.0,480.0,17.0,111.0,36.0,99.0,8.0,12.0,81.0,0.0,15.32817934
419,Armenia,ARM,2019,0.003224417,1.0,0.0,0.0,15.0,0.0,9.0,1.0,1.0,1.0,124.0,97.0,75.0,0.0,53.0,0.0,0.0,7.0,0.0,20.0,0.0,7.0,3.0,3.0,2.0,0.0,4.0,0.0,0.000499753
509,Australia,AUS,2019,0.12462333,12.0,1.0,0.0,43.0,0.0,6.0,0.0,2.0,11.0,286.0,28.0,192.0,0.0,16.0,0.0,1.0,163.0,9.0,115.0,0.0,4.0,4.0,23.0,0.0,1.0,23.0,0.0,0.094920832
539,Austria,AUT,2019,0.001509073,3.0,0.0,0.0,10.0,0.0,3.0,0.0,1.0,2.0,88.0,4.0,55.0,0.0,5.0,0.0,0.0,30.0,3.0,24.0,0.0,2.0,1.0,3.0,0.0,0.0,2.0,0.0,0.00289216
569,Azerbaijan,AZE,2019,0.305338708,3.0,8.0,3.0,49.0,0.0,33.0,1.0,8.0,6.0,474.0,1316.0,851.0,1.0,86.0,0.0,1.0,857.0,16.0,26.0,77.0,86.0,57.0,6.0,23.0,2.0,27.0,0.0,17.22465104
599,Bahamas,BHS,2019,0.007516419,1.0,1.0,0.0,1.0,0.0,1.0,0.0,0.0,0.0,7.0,4.0,7.0,0.0,5.0,2.0,0.0,4.0,0.0,5.0,0.0,1.0,0.0,0.0,0.0,1.0,1.0,0.0,0.006286524
629,Bahrain,BHR,2019,0.140489562,1.0,0.0,0.0,2.0,0.0,1.0,0.0,1.0,2.0,29.0,2.0,21.0,0.0,1.0,0.0,1.0,4.0,0.0,6.0,1.0,1.0,0.0,3.0,0.0,0.0,1.0,0.0,1.328976014
659,Bangladesh,BGD,2019,138.9569603,105.0,1081.0,132.0,799.0,292.0,614.0,234.0,371.0,213.0,9160.0,12316.0,7536.0,6.0,6104.0,10.0,94.0,14323.0,257.0,10192.0,1534.0,1735.0,140.0,172.0,443.0,38.0,1584.0,0.0,1861.883974
689,Barbados,BRB,2019,0.000968676,0.0,0.0,0.0,1.0,0.0,0.0,0.0,0.0,0.0,7.0,2.0,7.0,0.0,4.0,0.0,0.0,6.0,0.0,3.0,0.0,0.0,0.0,0.0,0.0,0.0,0.0,0.0,0.023367969
719,Belarus,BLR,2019,0.020575869,6.0,3.0,2.0,32.0,0.0,8.0,1.0,0.0,1.0,167.0,25.0,41.0,1.0,38.0,0.0,0.0,53.0,10.0,27.0,0.0,2.0,15.0,7.0,1.0,2.0,13.0,0.0,0.086418491
749,Belgium,BEL,2019,0.014970004,6.0,0.0,0.0,15.0,0.0,2.0,0.0,1.0,3.0,111.0,8.0,58.0,0.0,11.0,0.0,0.0,56.0,6.0,45.0,0.0,4.0,3.0,6.0,0.0,1.0,4.0,0.0,0.002469244
779,Belize,BLZ,2019,0.007747515,1.0,3.0,0.0,2.0,0.0,2.0,0.0,1.0,1.0,17.0,12.0,25.0,0.0,10.0,0.0,0.0,14.0,1.0,7.0,0.0,4.0,0.0,1.0,0.0,1.0,2.0,0.0,0.011047995
809,Benin,BEN,2019,831.184017,116.0,573.0,43.0,240.0,2221.0,280.0,59.0,87.0,237.0,3027.0,5196.0,4712.0,17.0,1896.0,0.0,18.0,4867.0,1244.0,969.0,917.0,2910.0,138.0,358.0,367.0,184.0,213.0,7661.0,206.2078362
839,Bermuda,BMU,2019,5.42e-05,0.0,0.0,0.0,0.0,0.0,0.0,0.0,0.0,0.0,0.0,0.0,0.0,0.0,0.0,0.0,0.0,0.0,0.0,0.0,0.0,0.0,0.0,0.0,0.0,0.0,0.0,0.0,0.000246623
869,Bhutan,BTN,2019,0.170329297,0.0,3.0,2.0,5.0,0.0,3.0,1.0,1.0,1.0,46.0,49.0,84.0,0.0,16.0,0.0,0.0,59.0,9.0,64.0,1.0,11.0,1.0,2.0,3.0,3.0,4.0,0.0,20.15891026
899,Bolivia,BOL,2019,2.626376903,32.0,231.0,2.0,135.0,0.0,174.0,19.0,36.0,65.0,1628.0,1581.0,1615.0,2.0,999.0,6.0,5.0,842.0,53.0,333.0,191.0,286.0,40.0,114.0,64.0,142.0,118.0,0.0,209.8675121
929,Bosnia and Herzegovina,BIH,2019,0.034775464,0.0,0.0,0.0,5.0,2.0,1.0,0.0,0.0,1.0,34.0,4.0,47.0,0.0,4.0,0.0,0.0,10.0,1.0,13.0,7.0,2.0,1.0,1.0,0.0,0.0,1.0,0.0,1.376863
959,Botswana,BWA,2019,5.500199465,8.0,120.0,1.0,8.0,9.0,9.0,3.0,4.0,11.0,107.0,288.0,292.0,1.0,89.0,0.0,1.0,217.0,28.0,240.0,44.0,189.0,13.0,36.0,50.0,31.0,21.0,6.0,73.44792767
989,Brazil,BRA,2019,10.37677253,455.0,928.0,19.0,1050.0,0.0,586.0,45.0,144.0,659.0,15453.0,4885.0,11042.0,1.0,5395.0,1.0,60.0,6672.0,595.0,6363.0,60.0,1820.0,117.0,663.0,96.0,269.0,521.0,15.0,194.8651103
1019,Brunei,BRN,2019,0.005386052,0.0,0.0,0.0,2.0,0.0,0.0,0.0,0.0,1.0,17.0,4.0,11.0,0.0,4.0,0.0,0.0,4.0,0.0,4.0,0.0,0.0,0.0,1.0,0.0,0.0,1.0,0.0,0.452397129
1049,Bulgaria,BGR,2019,0.004050684,2.0,1.0,0.0,16.0,0.0,7.0,1.0,2.0,6.0,126.0,66.0,86.0,0.0,9.0,0.0,0.0,38.0,5.0,22.0,0.0,6.0,3.0,4.0,0.0,1.0,3.0,0.0,0.016509193
1079,Burkina Faso,BFA,2019,3028.825863,339.0,3241.0,53.0,582.0,2083.0,869.0,180.0,302.0,592.0,8113.0,16513.0,6143.0,41.0,4194.0,0.0,54.0,5525.0,3458.0,3045.0,955.0,9152.0,394.0,1162.0,1516.0,333.0,599.0,16395.0,734.8420961
1109,Burundi,BDI,2019,47.37760502,10.0,1183.0,14.0,240.0,199.0,132.0,18.0,33.0,113.0,2088.0,2519.0,2245.0,9.0,1457.0,1.0,18.0,3120.0,450.0,1870.0,249.0,5645.0,82.0,147.0,451.0,201.0,119.0,5776.0,70.11917285
1139,Cambodia,KHM,2019,10.03826185,13.0,83.0,7.0,166.0,100.0,243.0,42.0,20.0,106.0,1417.0,3347.0,2244.0,0.0,588.0,0.0,7.0,1229.0,106.0,345.0,160.0,324.0,23.0,66.0,112.0,58.0,143.0,11.0,14.4697121
1169,Cameroon,CMR,2019,767.410696,65.0,512.0,62.0,279.0,1943.0,293.0,64.0,130.0,308.0,4237.0,7792.0,5823.0,16.0,2738.0,5.0,23.0,5802.0,1185.0,1140.0,1292.0,13472.0,154.0,527.0,522.0,718.0,221.0,9770.0,1329.403464
1199,Canada,CAN,2019,0.070168183,15.0,1.0,0.0,60.0,0.0,13.0,2.0,10.0,19.0,453.0,31.0,439.0,0.0,41.0,0.0,1.0,205.0,13.0,228.0,1.0,8.0,11.0,29.0,0.0,1.0,21.0,0.0,0.016591848
1229,Cape Verde,CPV,2019,1.892663447,2.0,3.0,0.0,3.0,1.0,1.0,0.0,0.0,2.0,23.0,15.0,39.0,0.0,16.0,0.0,0.0,32.0,2.0,4.0,1.0,7.0,1.0,1.0,1.0,3.0,4.0,5.0,3.03388607
1289,Central African Republic,CAF,2019,141.8291174,29.0,812.0,16.0,79.0,495.0,94.0,16.0,27.0,76.0,1152.0,3270.0,2210.0,6.0,598.0,0.0,15.0,1371.0,384.0,1099.0,711.0,5409.0,57.0,478.0,1389.0,130.0,156.0,2312.0,453.4238349
1469,Chad,TCD,2019,886.8035924,158.0,1798.0,125.0,289.0,2382.0,452.0,102.0,110.0,384.0,4465.0,13750.0,6140.0,31.0,3040.0,0.0,22.0,6791.0,3197.0,1122.0,2627.0,25059.0,217.0,510.0,1521.0,383.0,332.0,4526.0,1244.966303
1499,Chile,CHL,2019,0.031397625,11.0,4.0,0.0,45.0,0.0,10.0,1.0,4.0,8.0,585.0,58.0,346.0,0.0,56.0,0.0,1.0,87.0,13.0,103.0,5.0,8.0,13.0,32.0,1.0,2.0,20.0,0.0,0.30750423
1529,China,CHN,2019,41.45468327,520.0,630.0,123.0,4909.0,588.0,1713.0,58.0,197.0,1606.0,28508.0,14749.0,22134.0,78.0,1921.0,12.0,76.0,14523.0,1457.0,5421.0,602.0,1422.0,432.0,4037.0,321.0,588.0,5025.0,0.0,1782.823013
1559,Colombia,COL,2019,0.818576594,114.0,380.0,2.0,248.0,0.0,126.0,13.0,48.0,101.0,2375.0,986.0,1756.0,0.0,957.0,1.0,9.0,754.0,87.0,765.0,18.0,250.0,26.0,132.0,17.0,34.0,155.0,11.0,14.39696746
1709,Comoros,COM,2019,0.509661214,2.0,18.0,0.0,8.0,32.0,4.0,1.0,1.0,3.0,65.0,122.0,106.0,0.0,42.0,1.0,1.0,123.0,19.0,105.0,23.0,81.0,2.0,6.0,6.0,0.0,3.0,15.0,16.01393664
1739,Congo,COG,2019,30.65865591,11.0,72.0,1.0,28.0,129.0,29.0,6.0,8.0,17.0,383.0,333.0,785.0,1.0,277.0,0.0,6.0,471.0,56.0,454.0,198.0,877.0,12.0,77.0,70.0,321.0,23.0,734.0,174.0217626
1769,Cook Islands,COK,2019,0.001072579,0.0,0.0,0.0,0.0,0.0,0.0,0.0,0.0,0.0,0.0,0.0,0.0,0.0,0.0,0.0,0.0,0.0,0.0,0.0,0.0,0.0,0.0,0.0,0.0,0.0,0.0,0.0,0.168809298
1799,Costa Rica,CRI,2019,0.010256312,3.0,2.0,0.0,12.0,0.0,5.0,1.0,2.0,5.0,173.0,28.0,136.0,0.0,12.0,0.0,0.0,47.0,4.0,43.0,0.0,10.0,1.0,7.0,0.0,3.0,5.0,0.0,0.508226791
1829,Cote d'Ivoire,CIV,2019,1193.548381,144.0,405.0,31.0,299.0,189.0,299.0,70.0,101.0,285.0,4015.0,8922.0,8457.0,19.0,3245.0,0.0,24.0,8769.0,925.0,2236.0,1372.0,3978.0,160.0,325.0,608.0,937.0,250.0,13994.0,934.3955181
1859,Croatia,HRV,2019,0.001889423,1.0,0.0,0.0,7.0,0.0,1.0,0.0,0.0,1.0,46.0,3.0,16.0,0.0,7.0,0.0,0.0,21.0,1.0,18.0,0.0,1.0,0.0,2.0,0.0,0.0,1.0,0.0,0.001183717
1889,Cuba,CUB,2019,0.081944784,5.0,2.0,0.0,25.0,0.0,6.0,1.0,2.0,6.0,133.0,48.0,51.0,0.0,31.0,0.0,0.0,40.0,11.0,57.0,0.0,8.0,1.0,6.0,0.0,2.0,6.0,0.0,0.006272482
1919,Cyprus,CYP,2019,0.015731909,0.0,0.0,0.0,2.0,0.0,0.0,0.0,0.0,0.0,9.0,1.0,10.0,0.0,1.0,0.0,0.0,4.0,0.0,10.0,0.0,0.0,0.0,1.0,0.0,0.0,1.0,0.0,0.377934665
1949,Czechia,CZE,2019,0.031825065,3.0,0.0,0.0,15.0,0.0,3.0,0.0,1.0,2.0,65.0,13.0,48.0,0.0,12.0,0.0,0.0,31.0,3.0,38.0,0.0,3.0,1.0,4.0,0.0,1.0,3.0,0.0,0.00269373
1979,Democratic Republic of Congo,COD,2019,1922.378404,179.0,3210.0,75.0,670.0,3123.0,968.0,175.0,200.0,483.0,10788.0,14046.0,17226.0,33.0,6048.0,0.0,192.0,11216.0,1857.0,8081.0,4205.0,18980.0,335.0,2774.0,4353.0,943.0,735.0,44078.0,5319.406799
2009,Denmark,DNK,2019,0.00144296,1.0,0.0,0.0,9.0,0.0,1.0,0.0,1.0,1.0,62.0,3.0,76.0,0.0,2.0,0.0,0.0,20.0,2.0,12.0,0.0,2.0,1.0,2.0,0.0,0.0,1.0,0.0,0.001110711
2039,Djibouti,DJI,2019,1.60745417,5.0,108.0,1.0,26.0,12.0,10.0,2.0,3.0,9.0,153.0,243.0,168.0,1.0,94.0,0.0,2.0,214.0,40.0,151.0,110.0,116.0,8.0,11.0,18.0,11.0,10.0,14.0,31.0893507
2069,Dominica,DMA,2019,0.001501595,0.0,0.0,0.0,0.0,0.0,0.0,0.0,0.0,0.0,3.0,2.0,3.0,0.0,2.0,0.0,0.0,4.0,0.0,1.0,0.0,0.0,0.0,0.0,0.0,0.0,0.0,0.0,0.646913628
2099,Dominican Republic,DOM,2019,0.491988582,47.0,119.0,2.0,69.0,0.0,112.0,19.0,16.0,41.0,642.0,277.0,1549.0,0.0,972.0,0.0,6.0,462.0,91.0,304.0,190.0,242.0,22.0,37.0,18.0,15.0,27.0,0.0,180.3949732
2309,Ecuador,ECU,2019,2.296164134,18.0,79.0,1.0,85.0,0.0,76.0,8.0,19.0,31.0,1154.0,634.0,1124.0,1.0,361.0,1.0,3.0,379.0,30.0,288.0,175.0,108.0,22.0,94.0,11.0,24.0,53.0,0.0,166.7439768
2339,Egypt,EGY,2019,18.69161988,14.0,86.0,44.0,435.0,57.0,366.0,85.0,194.0,3024.0,4857.0,6247.0,1590.0,5.0,522.0,0.0,32.0,685.0,246.0,2455.0,321.0,7731.0,78.0,1145.0,6.0,4.0,80.0,0.0,118.3899232
2369,El Salvador,SLV,2019,0.247942813,13.0,17.0,0.0,18.0,0.0,14.0,2.0,5.0,6.0,321.0,120.0,269.0,0.0,89.0,0.0,1.0,77.0,6.0,48.0,36.0,62.0,3.0,8.0,1.0,70.0,5.0,0.0,8.35794718
2429,Equatorial Guinea,GNQ,2019,9.860021482,2.0,11.0,0.0,6.0,17.0,6.0,1.0,2.0,3.0,89.0,73.0,189.0,0.0,61.0,0.0,1.0,107.0,17.0,93.0,47.0,37.0,2.0,13.0,9.0,123.0,3.0,342.0,150.363115
2459,Eritrea,ERI,2019,12.16159611,36.0,509.0,6.0,125.0,55.0,73.0,13.0,15.0,41.0,769.0,1372.0,777.0,5.0,500.0,0.0,10.0,1047.0,187.0,805.0,172.0,1849.0,40.0,62.0,157.0,78.0,54.0,36.0,100.1281581
2489,Estonia,EST,2019,9.21e-05,0.0,0.0,0.0,3.0,0.0,0.0,0.0,0.0,0.0,10.0,3.0,3.0,0.0,1.0,0.0,0.0,4.0,0.0,2.0,0.0,0.0,1.0,0.0,0.0,0.0,1.0,0.0,0.000314553
2519,Eswatini,SWZ,2019,4.891593373,4.0,62.0,1.0,5.0,7.0,5.0,1.0,3.0,5.0,72.0,237.0,147.0,1.0,67.0,0.0,1.0,110.0,19.0,111.0,30.0,192.0,7.0,13.0,49.0,159.0,8.0,4.0,37.31835684
2549,Ethiopia,ETH,2019,26.08402047,441.0,4907.0,90.0,2813.0,2095.0,1254.0,231.0,249.0,729.0,13393.0,19592.0,16003.0,86.0,13913.0,0.0,162.0,35415.0,4211.0,11233.0,7189.0,25139.0,616.0,705.0,1561.0,3356.0,699.0,11315.0,4194.392451
2729,Fiji,FJI,2019,0.182361086,1.0,6.0,0.0,7.0,1.0,1.0,0.0,2.0,8.0,66.0,46.0,78.0,0.0,16.0,0.0,1.0,40.0,4.0,16.0,12.0,25.0,4.0,4.0,1.0,1.0,9.0,0.0,11.58712414
2759,Finland,FIN,2019,5.94e-05,1.0,0.0,0.0,7.0,0.0,1.0,0.0,0.0,1.0,37.0,1.0,16.0,0.0,3.0,0.0,0.0,9.0,1.0,10.0,0.0,0.0,1.0,2.0,0.0,0.0,2.0,0.0,0.00074468
2819,France,FRA,2019,0.210073441,22.0,1.0,0.0,107.0,0.0,17.0,1.0,3.0,34.0,648.0,31.0,319.0,7.0,103.0,0.0,2.0,337.0,23.0,381.0,2.0,15.0,12.0,42.0,0.0,3.0,42.0,0.0,0.022221464
2879,Gabon,GAB,2019,3.271067767,3.0,12.0,0.0,9.0,17.0,8.0,2.0,3.0,4.0,106.0,78.0,206.0,0.0,72.0,0.0,2.0,118.0,18.0,108.0,36.0,91.0,3.0,19.0,11.0,46.0,5.0,228.0,41.10544922
2909,Gambia,GMB,2019,74.81636203,1.0,56.0,2.0,21.0,26.0,19.0,4.0,5.0,14.0,211.0,289.0,347.0,1.0,246.0,0.0,2.0,334.0,54.0,199.0,78.0,200.0,10.0,14.0,23.0,35.0,12.0,138.0,84.63978813
2939,Georgia,GEO,2019,0.014292229,1.0,0.0,1.0,14.0,0.0,6.0,0.0,1.0,2.0,83.0,37.0,66.0,0.0,48.0,0.0,0.0,85.0,3.0,78.0,0.0,6.0,5.0,5.0,3.0,1.0,3.0,0.0,0.007437481
2969,Germany,DEU,2019,0.089990751,23.0,1.0,0.0,96.0,0.0,14.0,1.0,5.0,22.0,730.0,34.0,631.0,0.0,52.0,0.0,1.0,247.0,15.0,163.0,1.0,9.0,10.0,25.0,0.0,5.0,20.0,0.0,0.021733454
2999,Ghana,GHA,2019,401.8805787,51.0,972.0,13.0,247.0,503.0,299.0,49.0,78.0,186.0,3365.0,3601.0,2713.0,11.0,4131.0,0.0,22.0,7351.0,817.0,1589.0,598.0,2686.0,128.0,322.0,345.0,273.0,176.0,10112.0,732.5695816
3029,Greece,GRC,2019,0.000992926,1.0,0.0,0.0,15.0,0.0,1.0,0.0,1.0,1.0,118.0,12.0,97.0,0.0,2.0,0.0,0.0,23.0,3.0,18.0,0.0,1.0,1.0,8.0,0.0,0.0,3.0,0.0,0.001764359
3059,Greenland,GRL,2019,0.001242845,0.0,0.0,0.0,0.0,0.0,0.0,0.0,0.0,0.0,1.0,0.0,3.0,0.0,0.0,0.0,0.0,1.0,0.0,0.0,0.0,0.0,0.0,0.0,0.0,0.0,0.0,0.0,0.035485435
3089,Grenada,GRD,2019,0.000183843,0.0,0.0,0.0,0.0,0.0,0.0,0.0,0.0,0.0,3.0,2.0,4.0,0.0,2.0,0.0,0.0,3.0,0.0,1.0,0.0,0.0,0.0,0.0,0.0,0.0,0.0,0.0,0.002673834
3119,Guam,GUM,2019,0.017302973,0.0,0.0,0.0,1.0,1.0,0.0,0.0,0.0,1.0,6.0,4.0,12.0,0.0,2.0,0.0,0.0,4.0,1.0,3.0,1.0,1.0,0.0,0.0,0.0,0.0,0.0,0.0,3.683672287
3149,Guatemala,GTM,2019,0.013039125,52.0,245.0,3.0,94.0,0.0,165.0,24.0,42.0,73.0,1122.0,2401.0,1161.0,4.0,594.0,0.0,9.0,567.0,53.0,491.0,34.0,974.0,21.0,51.0,17.0,43.0,21.0,0.0,0.272360054
3179,Guinea,GIN,2019,1176.424025,122.0,1366.0,67.0,214.0,996.0,276.0,69.0,87.0,266.0,2979.0,7290.0,3632.0,21.0,1867.0,0.0,22.0,4476.0,2065.0,803.0,1835.0,2793.0,159.0,385.0,549.0,183.0,264.0,8181.0,539.3440781
3209,Guinea-Bissau,GNB,2019,35.19370419,12.0,44.0,4.0,18.0,493.0,26.0,5.0,6.0,20.0,291.0,298.0,555.0,2.0,225.0,0.0,2.0,577.0,89.0,172.0,118.0,647.0,10.0,33.0,28.0,26.0,18.0,331.0,124.0183208
3239,Guyana,GUY,2019,0.014036186,2.0,9.0,0.0,3.0,0.0,4.0,0.0,1.0,3.0,36.0,26.0,87.0,0.0,33.0,0.0,0.0,45.0,1.0,26.0,0.0,17.0,1.0,2.0,1.0,3.0,3.0,1.0,0.185309073
3269,Haiti,HTI,2019,1.202172049,116.0,658.0,13.0,289.0,0.0,336.0,40.0,69.0,388.0,3049.0,3183.0,1557.0,21.0,590.0,0.0,24.0,1905.0,801.0,1747.0,636.0,3109.0,220.0,158.0,146.0,268.0,499.0,48.0,726.2245316
3449,Honduras,HND,2019,0.604388925,82.0,30.0,3.0,107.0,0.0,274.0,24.0,8.0,31.0,473.0,239.0,800.0,0.0,351.0,0.0,4.0,222.0,24.0,235.0,93.0,473.0,5.0,18.0,6.0,6.0,8.0,0.0,22.13774336
3479,Hungary,HUN,2019,0.078651419,3.0,1.0,0.0,15.0,0.0,3.0,0.0,2.0,2.0,103.0,16.0,64.0,0.0,8.0,0.0,0.0,17.0,4.0,46.0,0.0,3.0,1.0,3.0,0.0,0.0,2.0,0.0,0.001188505
3509,Iceland,ISL,2019,0.000589279,0.0,0.0,0.0,1.0,0.0,0.0,0.0,0.0,0.0,3.0,0.0,2.0,0.0,0.0,0.0,0.0,1.0,0.0,1.0,0.0,0.0,0.0,0.0,0.0,0.0,0.0,0.0,8.63e-05
3539,India,IND,2019,481.4600118,1194.0,10439.0,8310.0,4884.0,4064.0,3684.0,1251.0,553.0,1707.0,66595.0,128512.0,165604.0,627.0,36933.0,152.0,141.0,83958.0,10318.0,131782.0,15774.0,55310.0,1557.0,2814.0,5033.0,1829.0,7676.0,9702.0,6781.500749
3569,Indonesia,IDN,2019,77.18608939,133.0,1024.0,59.0,1268.0,590.0,2062.0,393.0,315.0,392.0,12631.0,9016.0,17792.0,13.0,5409.0,39.0,12.0,11606.0,2140.0,3063.0,3169.0,8960.0,206.0,1114.0,1263.0,951.0,1438.0,49.0,3537.476703
3599,Iran,IRN,2019,14.26001407,50.0,26.0,9.0,279.0,59.0,160.0,51.0,65.0,210.0,4209.0,579.0,4459.0,2.0,457.0,8.0,17.0,682.0,80.0,1684.0,58.0,239.0,83.0,437.0,9.0,142.0,67.0,0.0,58.69691342
3629,Iraq,IRQ,2019,22.37701257,164.0,51.0,12.0,200.0,130.0,114.0,37.0,66.0,212.0,3046.0,1017.0,4553.0,1.0,1195.0,1.0,12.0,974.0,143.0,440.0,531.0,381.0,73.0,190.0,19.0,24.0,118.0,0.0,109.3633104
3659,Ireland,IRL,2019,0.001087597,0.0,0.0,0.0,7.0,0.0,1.0,0.0,0.0,1.0,79.0,3.0,40.0,0.0,4.0,0.0,0.0,17.0,2.0,13.0,0.0,1.0,1.0,2.0,0.0,0.0,1.0,0.0,0.001010509
3689,Israel,ISR,2019,0.063078014,3.0,1.0,0.0,23.0,0.0,5.0,1.0,3.0,6.0,197.0,13.0,96.0,1.0,15.0,0.0,0.0,44.0,5.0,70.0,0.0,5.0,2.0,13.0,0.0,2.0,4.0,0.0,0.004882505
3719,Italy,ITA,2019,0.135128807,4.0,1.0,1.0,65.0,0.0,11.0,1.0,8.0,16.0,390.0,23.0,255.0,0.0,58.0,0.0,1.0,106.0,7.0,184.0,0.0,7.0,3.0,17.0,0.0,3.0,6.0,0.0,0.071368048
3749,Jamaica,JAM,2019,0.007936664,3.0,5.0,0.0,7.0,0.0,4.0,0.0,1.0,4.0,83.0,19.0,230.0,0.0,64.0,0.0,0.0,73.0,3.0,31.0,0.0,6.0,1.0,2.0,0.0,6.0,0.0,0.0,0.095355322
3779,Japan,JPN,2019,0.100517118,34.0,3.0,2.0,127.0,0.0,30.0,3.0,7.0,56.0,867.0,113.0,181.0,4.0,43.0,2.0,2.0,104.0,12.0,137.0,1.0,29.0,13.0,39.0,1.0,5.0,37.0,0.0,0.023052144
3809,Jordan,JOR,2019,2.004707905,12.0,4.0,1.0,34.0,44.0,15.0,5.0,11.0,9.0,1130.0,304.0,1010.0,0.0,235.0,0.0,2.0,205.0,27.0,112.0,49.0,33.0,21.0,86.0,0.0,6.0,27.0,0.0,38.86079205
3839,Kazakhstan,KAZ,2019,0.161033896,18.0,9.0,4.0,97.0,0.0,48.0,7.0,8.0,24.0,1064.0,565.0,789.0,4.0,213.0,0.0,2.0,257.0,39.0,324.0,0.0,40.0,47.0,73.0,18.0,3.0,96.0,0.0,0.516644211
3869,Kenya,KEN,2019,1187.524944,90.0,2229.0,32.0,350.0,369.0,218.0,25.0,43.0,150.0,3239.0,6307.0,4362.0,10.0,3313.0,0.0,24.0,6686.0,916.0,3746.0,962.0,7847.0,118.0,137.0,316.0,2540.0,123.0,4618.0,899.0042285
3899,Kiribati,KIR,2019,0.106847096,0.0,6.0,0.0,1.0,3.0,0.0,0.0,0.0,1.0,10.0,7.0,22.0,0.0,2.0,0.0,0.0,13.0,3.0,7.0,5.0,8.0,0.0,0.0,1.0,0.0,1.0,0.0,4.93387924
3929,Kuwait,KWT,2019,0.433223355,1.0,0.0,0.0,10.0,0.0,3.0,0.0,1.0,5.0,228.0,31.0,173.0,0.0,6.0,0.0,3.0,17.0,2.0,10.0,0.0,3.0,2.0,15.0,0.0,0.0,2.0,0.0,0.001530268
3959,Kyrgyzstan,KGZ,2019,0.058894069,4.0,1.0,4.0,22.0,0.0,12.0,2.0,3.0,2.0,405.0,410.0,596.0,0.0,61.0,0.0,0.0,509.0,12.0,138.0,0.0,78.0,15.0,17.0,16.0,11.0,48.0,0.0,0.246937788
3989,Laos,LAO,2019,4.242536141,11.0,58.0,2.0,44.0,125.0,30.0,4.0,14.0,44.0,890.0,1516.0,1518.0,1.0,397.0,2.0,3.0,828.0,91.0,274.0,244.0,388.0,12.0,34.0,89.0,38.0,57.0,3.0,31.98434172
4109,Latvia,LVA,2019,0.000618019,1.0,0.0,0.0,4.0,0.0,1.0,0.0,0.0,0.0,23.0,5.0,4.0,0.0,2.0,0.0,0.0,15.0,1.0,6.0,0.0,0.0,2.0,1.0,0.0,1.0,2.0,0.0,0.002589079
4139,Lebanon,LBN,2019,1.016888828,2.0,1.0,1.0,16.0,14.0,9.0,3.0,4.0,11.0,309.0,40.0,240.0,0.0,37.0,0.0,1.0,38.0,4.0,80.0,36.0,14.0,4.0,7.0,0.0,15.0,5.0,0.0,7.299224669
4169,Lesotho,LSO,2019,9.276994604,13.0,105.0,1.0,6.0,12.0,8.0,1.0,4.0,7.0,129.0,528.0,404.0,1.0,121.0,0.0,1.0,284.0,27.0,306.0,24.0,353.0,11.0,21.0,114.0,349.0,13.0,0.0,64.26130504
4199,Liberia,LBR,2019,124.646607,7.0,135.0,7.0,30.0,183.0,73.0,15.0,11.0,32.0,456.0,563.0,779.0,2.0,398.0,0.0,2.0,828.0,128.0,208.0,125.0,1361.0,24.0,34.0,40.0,24.0,23.0,1857.0,514.4229246
4229,Libya,LBY,2019,0.55155526,1.0,2.0,1.0,18.0,0.0,11.0,6.0,5.0,103.0,272.0,47.0,175.0,0.0,20.0,0.0,1.0,29.0,5.0,122.0,26.0,16.0,7.0,61.0,1.0,5.0,12.0,0.0,6.975962138
4259,Lithuania,LTU,2019,0.001279901,1.0,0.0,0.0,6.0,0.0,1.0,0.0,0.0,1.0,38.0,8.0,10.0,0.0,6.0,0.0,0.0,9.0,1.0,3.0,0.0,1.0,1.0,1.0,0.0,0.0,3.0,0.0,0.00149308
4349,Luxembourg,LUX,2019,0.003846379,0.0,0.0,0.0,1.0,0.0,0.0,0.0,0.0,0.0,3.0,0.0,2.0,0.0,0.0,0.0,0.0,2.0,0.0,3.0,0.0,0.0,0.0,0.0,0.0,0.0,0.0,0.0,0.000564864
4379,Madagascar,MDG,2019,3.150068389,32.0,2713.0,9.0,331.0,1936.0,205.0,28.0,40.0,279.0,2980.0,5732.0,5122.0,11.0,1832.0,0.0,25.0,2495.0,630.0,2920.0,837.0,10970.0,92.0,151.0,463.0,194.0,123.0,2884.0,2524.715785
4409,Malawi,MWI,2019,551.7374059,33.0,1074.0,18.0,644.0,183.0,199.0,40.0,50.0,137.0,2355.0,4104.0,2588.0,9.0,1474.0,8.0,28.0,4021.0,892.0,2031.0,602.0,2679.0,94.0,154.0,387.0,808.0,140.0,3990.0,1303.97019
4439,Malaysia,MYS,2019,3.180800492,4.0,4.0,1.0,59.0,52.0,28.0,2.0,5.0,32.0,864.0,194.0,525.0,0.0,254.0,0.0,1.0,268.0,34.0,270.0,99.0,51.0,5.0,23.0,5.0,339.0,20.0,0.0,16.80455324
4469,Maldives,MDV,2019,0.224889175,0.0,1.0,0.0,2.0,1.0,1.0,0.0,0.0,2.0,27.0,4.0,26.0,0.0,7.0,0.0,0.0,19.0,1.0,23.0,2.0,2.0,0.0,1.0,0.0,0.0,3.0,0.0,0.589669505
4499,Mali,MLI,2019,3695.166006,320.0,12361.0,73.0,359.0,2444.0,644.0,149.0,202.0,645.0,6943.0,11744.0,10624.0,38.0,6471.0,0.0,46.0,12830.0,4097.0,1504.0,2516.0,6474.0,407.0,748.0,1053.0,328.0,669.0,14108.0,2066.803914
4529,Malta,MLT,2019,0.001216796,0.0,0.0,0.0,1.0,0.0,0.0,0.0,0.0,0.0,9.0,1.0,7.0,0.0,0.0,0.0,0.0,2.0,0.0,2.0,0.0,0.0,0.0,0.0,0.0,0.0,0.0,0.0,0.000100535
4559,Marshall Islands,MHL,2019,0.019981174,0.0,0.0,0.0,0.0,1.0,0.0,0.0,0.0,0.0,3.0,4.0,5.0,0.0,1.0,0.0,0.0,2.0,0.0,1.0,2.0,1.0,0.0,0.0,0.0,0.0,0.0,0.0,1.559785586
4589,Mauritania,MRT,2019,24.08003912,9.0,58.0,1.0,17.0,38.0,19.0,3.0,5.0,15.0,296.0,467.0,672.0,1.0,308.0,0.0,1.0,700.0,53.0,190.0,107.0,822.0,7.0,35.0,15.0,0.0,8.0,479.0,151.8791535
4619,Mauritius,MUS,2019,0.17825083,1.0,0.0,0.0,3.0,0.0,1.0,0.0,1.0,1.0,38.0,8.0,44.0,0.0,16.0,0.0,0.0,15.0,1.0,13.0,0.0,3.0,1.0,1.0,0.0,0.0,1.0,0.0,0.00214052
4649,Mexico,MEX,2019,3.140795094,386.0,572.0,44.0,633.0,0.0,468.0,70.0,115.0,353.0,7671.0,2716.0,5375.0,3.0,3018.0,0.0,35.0,2512.0,93.0,1411.0,26.0,958.0,80.0,511.0,22.0,76.0,229.0,0.0,2.595721561
4679,Micronesia (country),FSM,2019,0.024242964,0.0,0.0,0.0,0.0,0.0,0.0,0.0,0.0,0.0,3.0,4.0,5.0,0.0,1.0,0.0,0.0,2.0,0.0,2.0,2.0,1.0,0.0,0.0,0.0,2.0,0.0,0.0,2.577312576
4799,Moldova,MDA,2019,0.001322762,2.0,0.0,0.0,12.0,0.0,2.0,0.0,0.0,1.0,112.0,66.0,34.0,0.0,47.0,0.0,0.0,35.0,3.0,25.0,0.0,3.0,4.0,4.0,1.0,0.0,6.0,0.0,0.008556007
4829,Monaco,MCO,2019,0.000283736,0.0,0.0,0.0,0.0,0.0,0.0,0.0,0.0,0.0,0.0,0.0,0.0,0.0,0.0,0.0,0.0,0.0,0.0,0.0,0.0,0.0,0.0,0.0,0.0,0.0,0.0,0.0,0.011635476
4859,Mongolia,MNG,2019,0.171353732,4.0,1.0,2.0,10.0,0.0,36.0,4.0,1.0,7.0,204.0,286.0,200.0,2.0,38.0,1.0,0.0,289.0,5.0,34.0,21.0,46.0,19.0,8.0,12.0,0.0,10.0,0.0,79.64475606
4889,Montenegro,MNE,2019,0.008159664,0.0,0.0,0.0,1.0,0.0,0.0,0.0,0.0,0.0,4.0,1.0,5.0,0.0,2.0,0.0,0.0,5.0,0.0,2.0,1.0,0.0,0.0,0.0,0.0,0.0,0.0,0.0,0.410788757
4919,Morocco,MAR,2019,10.39479721,7.0,26.0,9.0,65.0,275.0,100.0,31.0,47.0,161.0,1843.0,951.0,2859.0,2.0,175.0,0.0,14.0,462.0,109.0,1595.0,146.0,929.0,44.0,179.0,32.0,75.0,43.0,0.0,209.3160167
4949,Mozambique,MOZ,2019,637.9466383,179.0,2044.0,37.0,952.0,572.0,595.0,49.0,106.0,258.0,6267.0,7372.0,6224.0,20.0,5167.0,89.0,94.0,9236.0,1227.0,3332.0,1236.0,4231.0,234.0,344.0,1325.0,9663.0,245.0,8959.0,2434.390825
4979,Myanmar,MMR,2019,42.59189217,86.0,180.0,13.0,516.0,544.0,280.0,18.0,180.0,659.0,6200.0,6606.0,7368.0,1.0,2546.0,8.0,107.0,4397.0,934.0,1573.0,1453.0,1774.0,66.0,93.0,499.0,105.0,657.0,57.0,494.4072719
5009,Namibia,NAM,2019,8.384682234,7.0,104.0,1.0,8.0,1.0,8.0,2.0,2.0,7.0,127.0,262.0,279.0,1.0,122.0,0.0,1.0,204.0,21.0,268.0,35.0,190.0,10.0,18.0,44.0,233.0,11.0,69.0,69.33719148
5039,Nauru,NRU,2019,0.00397053,0.0,0.0,0.0,0.0,0.0,0.0,0.0,0.0,0.0,1.0,1.0,1.0,0.0,0.0,0.0,0.0,1.0,0.0,0.0,0.0,0.0,0.0,0.0,0.0,0.0,0.0,0.0,0.361572358
5069,Nepal,NPL,2019,17.95747118,16.0,293.0,67.0,154.0,544.0,75.0,24.0,15.0,28.0,1601.0,3441.0,798.0,6.0,1192.0,10.0,11.0,1541.0,154.0,4013.0,385.0,710.0,14.0,17.0,85.0,81.0,203.0,0.0,407.6504395
5099,Netherlands,NLD,2019,0.019495354,5.0,0.0,0.0,24.0,0.0,4.0,0.0,2.0,5.0,197.0,9.0,125.0,0.0,41.0,0.0,0.0,74.0,10.0,67.0,0.0,3.0,1.0,5.0,0.0,1.0,6.0,0.0,0.002977684
5129,New Zealand,NZL,2019,0.003455255,4.0,0.0,0.0,10.0,0.0,1.0,0.0,1.0,2.0,72.0,8.0,60.0,0.0,8.0,0.0,0.0,16.0,3.0,17.0,0.0,2.0,1.0,6.0,0.0,0.0,5.0,0.0,0.000923318
5159,Nicaragua,NIC,2019,0.396652688,8.0,68.0,1.0,38.0,0.0,30.0,7.0,13.0,8.0,425.0,329.0,273.0,0.0,185.0,0.0,1.0,137.0,15.0,33.0,3.0,94.0,4.0,19.0,4.0,36.0,15.0,0.0,9.24659157
5189,Niger,NER,2019,2695.889022,308.0,2171.0,63.0,408.0,9654.0,737.0,172.0,186.0,621.0,6313.0,17390.0,7790.0,37.0,4409.0,0.0,36.0,7401.0,6254.0,2614.0,2731.0,22975.0,395.0,681.0,1284.0,75.0,613.0,16565.0,184.6071033
5219,Nigeria,NGA,2019,25861.13215,2044.0,4534.0,414.0,2895.0,6076.0,6679.0,1446.0,1084.0,2981.0,49866.0,129444.0,76404.0,249.0,27202.0,0.0,180.0,75905.0,32689.0,13365.0,17905.0,132555.0,1949.0,4094.0,7218.0,6350.0,2016.0,95636.0,8715.662208
5249,Niue,NIU,2019,0.000188397,0.0,0.0,0.0,0.0,0.0,0.0,0.0,0.0,0.0,0.0,0.0,0.0,0.0,0.0,0.0,0.0,0.0,0.0,0.0,0.0,0.0,0.0,0.0,0.0,0.0,0.0,0.0,0.031108008
5369,North Korea,PRK,2019,2.896137938,28.0,35.0,4.0,97.0,31.0,53.0,2.0,5.0,43.0,762.0,567.0,992.0,2.0,77.0,0.0,4.0,615.0,45.0,154.0,21.0,164.0,14.0,87.0,24.0,42.0,119.0,0.0,43.07337338
5399,North Macedonia,MKD,2019,0.032231079,0.0,0.0,0.0,4.0,3.0,2.0,0.0,0.0,1.0,33.0,10.0,82.0,0.0,6.0,0.0,0.0,10.0,1.0,14.0,5.0,2.0,0.0,1.0,0.0,1.0,1.0,0.0,1.415921691
5459,Northern Mariana Islands,MNP,2019,0.002598902,0.0,0.0,0.0,0.0,0.0,0.0,0.0,0.0,0.0,1.0,0.0,1.0,0.0,0.0,0.0,0.0,0.0,0.0,0.0,0.0,0.0,0.0,0.0,0.0,0.0,0.0,0.0,0.469778054
5489,Norway,NOR,2019,0.001275618,1.0,0.0,0.0,6.0,0.0,1.0,0.0,1.0,1.0,44.0,2.0,14.0,0.0,3.0,0.0,0.0,25.0,1.0,10.0,0.0,1.0,1.0,3.0,0.0,0.0,1.0,0.0,0.005974708
5579,Oman,OMN,2019,0.816760751,1.0,5.0,1.0,12.0,0.0,4.0,2.0,1.0,35.0,208.0,37.0,189.0,0.0,22.0,0.0,2.0,30.0,3.0,99.0,16.0,8.0,1.0,57.0,0.0,2.0,15.0,0.0,1.875844745
5609,Pakistan,PAK,2019,406.3676804,407.0,7515.0,1298.0,3456.0,2277.0,891.0,371.0,740.0,1458.0,20559.0,46646.0,59400.0,39.0,11569.0,24.0,76.0,104656.0,10635.0,57418.0,5804.0,32379.0,744.0,1233.0,5014.0,629.0,1160.0,529.0,4649.175279
5639,Palau,PLW,2019,0.000975654,0.0,0.0,0.0,0.0,0.0,0.0,0.0,0.0,0.0,0.0,1.0,0.0,0.0,0.0,0.0,0.0,0.0,0.0,0.0,0.0,0.0,0.0,0.0,0.0,0.0,0.0,0.0,0.268253616
5669,Palestine,PSE,2019,4.676595828,11.0,2.0,1.0,25.0,7.0,12.0,4.0,8.0,11.0,416.0,50.0,470.0,0.0,130.0,0.0,3.0,111.0,10.0,99.0,10.0,13.0,5.0,36.0,1.0,2.0,8.0,0.0,10.58910103
5699,Panama,PAN,2019,0.031758015,8.0,49.0,0.0,20.0,0.0,22.0,2.0,6.0,10.0,282.0,141.0,165.0,0.0,80.0,0.0,1.0,71.0,11.0,42.0,0.0,73.0,3.0,10.0,9.0,8.0,13.0,0.0,0.497414516
5729,Papua New Guinea,PNG,2019,14.54128796,27.0,88.0,11.0,123.0,489.0,86.0,6.0,32.0,256.0,1891.0,4798.0,2014.0,11.0,304.0,1.0,20.0,915.0,432.0,1101.0,626.0,1377.0,279.0,197.0,124.0,213.0,202.0,125.0,869.3368584
5759,Paraguay,PRY,2019,0.752584181,6.0,63.0,0.0,18.0,0.0,23.0,0.0,4.0,7.0,405.0,143.0,268.0,0.0,88.0,1.0,1.0,108.0,18.0,82.0,29.0,65.0,4.0,12.0,4.0,93.0,5.0,0.0,218.3207927
5789,Peru,PER,2019,4.528888688,25.0,137.0,1.0,147.0,0.0,147.0,13.0,35.0,50.0,1637.0,1115.0,1340.0,3.0,1363.0,6.0,4.0,1083.0,29.0,134.0,289.0,386.0,33.0,120.0,33.0,582.0,76.0,1.0,184.2131213
5819,Philippines,PHL,2019,187.4801049,199.0,660.0,7.0,813.0,2216.0,361.0,55.0,171.0,349.0,7608.0,9617.0,9916.0,11.0,6506.0,0.0,66.0,5368.0,862.0,1768.0,1886.0,2925.0,152.0,303.0,708.0,662.0,890.0,9.0,1100.779196
5849,Poland,POL,2019,0.083943848,5.0,1.0,1.0,59.0,0.0,11.0,1.0,8.0,12.0,524.0,65.0,386.0,1.0,46.0,0.0,1.0,62.0,8.0,49.0,0.0,6.0,5.0,17.0,0.0,3.0,8.0,0.0,0.007240944
5879,Portugal,PRT,2019,0.009909176,2.0,1.0,0.0,11.0,0.0,2.0,0.0,1.0,1.0,58.0,9.0,32.0,0.0,14.0,0.0,0.0,20.0,2.0,31.0,0.0,3.0,1.0,3.0,0.0,1.0,2.0,0.0,0.026001862
5909,Puerto Rico,PRI,2019,0.013104439,2.0,0.0,0.0,4.0,0.0,2.0,0.0,1.0,3.0,41.0,9.0,52.0,0.0,21.0,0.0,0.0,10.0,1.0,26.0,0.0,3.0,1.0,2.0,0.0,1.0,1.0,0.0,0.016538794
5939,Qatar,QAT,2019,0.206363883,0.0,0.0,0.0,3.0,0.0,2.0,1.0,1.0,2.0,82.0,5.0,66.0,0.0,1.0,0.0,1.0,6.0,1.0,8.0,3.0,2.0,1.0,8.0,0.0,0.0,2.0,0.0,2.426821137
5999,Romania,ROU,2019,0.03877801,4.0,2.0,0.0,44.0,0.0,21.0,2.0,2.0,5.0,327.0,364.0,223.0,1.0,8.0,0.0,0.0,50.0,9.0,155.0,0.0,13.0,12.0,20.0,11.0,3.0,16.0,0.0,0.184378973
6029,Russia,RUS,2019,2.249851261,154.0,9.0,12.0,396.0,0.0,81.0,9.0,49.0,90.0,2680.0,1056.0,1065.0,19.0,725.0,0.0,5.0,913.0,140.0,811.0,2.0,113.0,154.0,182.0,35.0,373.0,156.0,0.0,5.629844333
6059,Rwanda,RWA,2019,17.93831136,36.0,600.0,10.0,236.0,183.0,145.0,28.0,29.0,72.0,1565.0,2076.0,1445.0,5.0,1016.0,0.0,17.0,2092.0,361.0,1023.0,175.0,1442.0,61.0,154.0,159.0,108.0,78.0,2097.0,269.7515005
6089,Saint Kitts and Nevis,KNA,2019,0.000151731,0.0,0.0,0.0,0.0,0.0,0.0,0.0,0.0,0.0,1.0,1.0,2.0,0.0,0.0,0.0,0.0,2.0,0.0,1.0,0.0,0.0,0.0,0.0,0.0,1.0,0.0,0.0,0.006207334
6119,Saint Lucia,LCA,2019,0.000584433,0.0,0.0,0.0,1.0,0.0,0.0,0.0,0.0,0.0,4.0,1.0,8.0,0.0,2.0,0.0,0.0,4.0,0.0,2.0,0.0,0.0,0.0,0.0,0.0,0.0,0.0,0.0,0.028707003
6149,Saint Vincent and the Grenadines,VCT,2019,0.00085948,0.0,1.0,0.0,0.0,0.0,0.0,0.0,0.0,0.0,4.0,2.0,6.0,0.0,3.0,0.0,0.0,2.0,0.0,2.0,0.0,1.0,0.0,0.0,0.0,0.0,0.0,0.0,0.026214521
6179,Samoa,WSM,2019,0.038079754,0.0,0.0,0.0,1.0,6.0,0.0,0.0,0.0,0.0,5.0,5.0,8.0,0.0,2.0,0.0,0.0,4.0,0.0,3.0,1.0,1.0,0.0,0.0,0.0,1.0,1.0,0.0,4.964750762
6209,San Marino,SMR,2019,0.000300216,0.0,0.0,0.0,0.0,0.0,0.0,0.0,0.0,0.0,0.0,0.0,0.0,0.0,0.0,0.0,0.0,0.0,0.0,0.0,0.0,0.0,0.0,0.0,0.0,0.0,0.0,0.0,0.011046645
6239,Sao Tome and Principe,STP,2019,1.758309458,1.0,3.0,0.0,4.0,1.0,1.0,0.0,1.0,2.0,15.0,15.0,13.0,0.0,11.0,0.0,0.0,14.0,1.0,4.0,3.0,3.0,0.0,1.0,0.0,0.0,1.0,8.0,3.098756894
6269,Saudi Arabia,SAU,2019,3.897420084,4.0,4.0,1.0,39.0,12.0,7.0,4.0,8.0,14.0,943.0,39.0,518.0,0.0,342.0,1.0,4.0,123.0,4.0,91.0,41.0,49.0,11.0,71.0,1.0,25.0,22.0,0.0,13.06024438
6329,Senegal,SEN,2019,231.2123679,14.0,235.0,5.0,129.0,576.0,134.0,23.0,39.0,118.0,1939.0,2359.0,3158.0,7.0,1591.0,0.0,13.0,3370.0,441.0,1150.0,474.0,3000.0,63.0,109.0,129.0,56.0,74.0,1999.0,165.6934582
6359,Serbia,SRB,2019,0.091591763,2.0,1.0,0.0,10.0,0.0,2.0,0.0,0.0,2.0,76.0,13.0,105.0,0.0,9.0,0.0,0.0,35.0,3.0,23.0,15.0,3.0,1.0,2.0,0.0,3.0,1.0,0.0,4.100254277
6389,Seychelles,SYC,2019,0.015104971,0.0,0.0,0.0,0.0,0.0,0.0,0.0,0.0,0.0,4.0,2.0,3.0,0.0,2.0,0.0,0.0,2.0,0.0,1.0,0.0,0.0,0.0,0.0,0.0,0.0,0.0,0.0,0.105093125
6419,Sierra Leone,SLE,2019,730.8841066,24.0,972.0,42.0,169.0,49.0,195.0,36.0,61.0,245.0,2489.0,4200.0,2325.0,12.0,1174.0,1.0,14.0,2499.0,946.0,645.0,568.0,1209.0,106.0,258.0,388.0,42.0,168.0,6444.0,255.7588926
6449,Singapore,SGP,2019,0.003748672,1.0,0.0,0.0,8.0,0.0,1.0,0.0,1.0,2.0,37.0,10.0,14.0,0.0,2.0,0.0,0.0,5.0,0.0,9.0,0.0,1.0,0.0,1.0,0.0,0.0,1.0,0.0,0.001022298
6479,Slovakia,SVK,2019,0.058158544,2.0,0.0,0.0,11.0,0.0,5.0,1.0,1.0,3.0,89.0,25.0,83.0,0.0,3.0,0.0,0.0,17.0,3.0,12.0,5.0,2.0,2.0,3.0,0.0,0.0,3.0,0.0,2.659536985
6509,Slovenia,SVN,2019,8.61e-05,0.0,0.0,0.0,2.0,0.0,0.0,0.0,0.0,0.0,12.0,1.0,9.0,0.0,2.0,0.0,0.0,2.0,0.0,3.0,0.0,0.0,0.0,1.0,0.0,0.0,0.0,0.0,0.000221085
6539,Solomon Islands,SLB,2019,0.544278353,1.0,12.0,0.0,6.0,7.0,2.0,0.0,0.0,8.0,50.0,92.0,59.0,0.0,7.0,0.0,1.0,30.0,4.0,15.0,14.0,42.0,2.0,1.0,0.0,4.0,9.0,0.0,102.674079
6569,Somalia,SOM,2019,62.06319133,183.0,5334.0,100.0,528.0,6569.0,335.0,50.0,100.0,318.0,4694.0,14168.0,4923.0,35.0,3503.0,0.0,64.0,6504.0,2413.0,4510.0,3916.0,9531.0,243.0,385.0,2090.0,358.0,388.0,2411.0,1216.393923
6599,South Africa,ZAF,2019,152.2526484,264.0,1218.0,5.0,104.0,410.0,98.0,18.0,52.0,100.0,2471.0,3952.0,6379.0,11.0,1861.0,5.0,13.0,3838.0,334.0,4890.0,925.0,3665.0,166.0,365.0,600.0,1913.0,201.0,39.0,2225.606529
6719,South Korea,KOR,2019,0.38905117,15.0,1.0,1.0,65.0,0.0,8.0,1.0,3.0,16.0,272.0,26.0,286.0,1.0,77.0,0.0,1.0,66.0,4.0,110.0,18.0,8.0,8.0,40.0,3.0,2.0,12.0,0.0,40.19057018
6749,South Sudan,SSD,2019,45.05944151,68.0,1640.0,27.0,292.0,227.0,169.0,27.0,57.0,141.0,2153.0,5373.0,2518.0,14.0,1211.0,17.0,24.0,3332.0,1399.0,1758.0,1086.0,3452.0,116.0,172.0,613.0,186.0,136.0,4010.0,1059.664173
6929,Spain,ESP,2019,0.088344274,4.0,1.0,0.0,57.0,0.0,6.0,1.0,3.0,16.0,309.0,22.0,159.0,0.0,68.0,0.0,1.0,105.0,11.0,149.0,2.0,8.0,3.0,17.0,0.0,4.0,11.0,0.0,0.031888696
6959,Sri Lanka,LKA,2019,3.7401603,6.0,4.0,0.0,47.0,28.0,13.0,5.0,6.0,31.0,573.0,118.0,526.0,1.0,205.0,0.0,1.0,215.0,21.0,124.0,32.0,23.0,8.0,16.0,3.0,4.0,24.0,0.0,9.00477529
7079,Sudan,SDN,2019,66.82364835,40.0,454.0,140.0,464.0,592.0,434.0,177.0,176.0,906.0,10227.0,2912.0,14192.0,7.0,569.0,0.0,29.0,1969.0,333.0,4516.0,941.0,5359.0,268.0,593.0,89.0,116.0,451.0,975.0,991.2864706
7109,Suriname,SUR,2019,0.015911698,1.0,3.0,0.0,3.0,0.0,4.0,0.0,1.0,2.0,32.0,15.0,65.0,0.0,27.0,0.0,0.0,29.0,2.0,9.0,2.0,10.0,1.0,1.0,0.0,2.0,2.0,0.0,6.075116891
7139,Sweden,SWE,2019,0.007385219,3.0,0.0,0.0,17.0,0.0,3.0,0.0,1.0,4.0,93.0,5.0,41.0,1.0,10.0,0.0,0.0,42.0,2.0,32.0,0.0,2.0,1.0,3.0,0.0,0.0,3.0,0.0,0.001917544
7169,Switzerland,CHE,2019,0.001365878,2.0,0.0,0.0,11.0,0.0,1.0,0.0,0.0,1.0,112.0,5.0,63.0,0.0,8.0,0.0,0.0,45.0,1.0,31.0,0.0,4.0,1.0,3.0,0.0,0.0,3.0,0.0,0.001498525
7199,Syria,SYR,2019,4.142700774,6.0,18.0,1.0,52.0,4.0,28.0,19.0,14.0,67.0,789.0,270.0,452.0,1.0,93.0,0.0,4.0,129.0,49.0,401.0,152.0,46.0,15.0,66.0,2.0,2.0,16.0,0.0,19.63387622
7229,Taiwan,TWN,2019,5.308003184,4.0,0.0,0.0,36.0,0.0,7.0,1.0,2.0,4.0,216.0,37.0,141.0,0.0,27.0,0.0,0.0,32.0,4.0,133.0,0.0,4.0,5.0,19.0,1.0,1.0,11.0,0.0,0.050890131
7259,Tajikistan,TJK,2019,0.959042548,5.0,12.0,16.0,53.0,0.0,61.0,11.0,2.0,6.0,1829.0,1965.0,739.0,0.0,147.0,0.0,2.0,1012.0,57.0,811.0,147.0,655.0,72.0,22.0,76.0,1.0,143.0,0.0,13.44917101
7289,Tanzania,TZA,2019,296.8852863,447.0,4295.0,66.0,2013.0,2978.0,1080.0,200.0,290.0,808.0,12083.0,16979.0,10130.0,43.0,6580.0,0.0,225.0,16256.0,1622.0,6152.0,2874.0,3301.0,515.0,778.0,1610.0,1330.0,670.0,13364.0,3769.614808
7319,Thailand,THA,2019,15.47268723,18.0,6.0,1.0,115.0,83.0,35.0,9.0,9.0,47.0,926.0,370.0,716.0,0.0,474.0,0.0,1.0,266.0,35.0,233.0,138.0,102.0,12.0,108.0,11.0,182.0,201.0,0.0,21.34518824
7349,Timor,TLS,2019,0.748342667,2.0,17.0,0.0,10.0,10.0,6.0,1.0,2.0,7.0,139.0,222.0,252.0,0.0,72.0,0.0,1.0,138.0,19.0,58.0,46.0,73.0,2.0,7.0,13.0,46.0,15.0,0.0,11.93175742
7379,Togo,TGO,2019,356.7279855,30.0,94.0,7.0,54.0,49.0,63.0,13.0,17.0,59.0,832.0,1386.0,1620.0,3.0,677.0,0.0,5.0,1743.0,184.0,429.0,197.0,4192.0,30.0,104.0,111.0,116.0,43.0,1880.0,104.7735201
7409,Tokelau,TKL,2019,0.000366701,0.0,0.0,0.0,0.0,0.0,0.0,0.0,0.0,0.0,0.0,0.0,0.0,0.0,0.0,0.0,0.0,0.0,0.0,0.0,0.0,0.0,0.0,0.0,0.0,0.0,0.0,0.0,0.027681222
7439,Tonga,TON,2019,0.031479926,0.0,1.0,0.0,1.0,1.0,0.0,0.0,0.0,0.0,3.0,3.0,6.0,0.0,2.0,0.0,0.0,1.0,2.0,3.0,2.0,0.0,0.0,0.0,0.0,0.0,1.0,0.0,2.012735785
7469,Trinidad and Tobago,TTO,2019,0.003939353,3.0,1.0,0.0,5.0,0.0,3.0,0.0,1.0,2.0,54.0,12.0,53.0,0.0,16.0,0.0,0.0,26.0,1.0,30.0,0.0,4.0,2.0,3.0,0.0,2.0,1.0,0.0,0.003593617
7529,Tunisia,TUN,2019,2.308208198,1.0,2.0,1.0,18.0,24.0,19.0,8.0,7.0,25.0,561.0,92.0,507.0,0.0,62.0,0.0,2.0,88.0,12.0,228.0,19.0,13.0,10.0,39.0,1.0,7.0,15.0,0.0,11.77768415
7559,Turkey,TUR,2019,11.5397046,20.0,44.0,10.0,299.0,122.0,102.0,37.0,66.0,141.0,4593.0,597.0,3822.0,1.0,783.0,0.0,22.0,910.0,68.0,1356.0,106.0,186.0,38.0,275.0,9.0,21.0,80.0,0.0,57.01643318
7589,Turkmenistan,TKM,2019,0.03214538,3.0,2.0,5.0,34.0,0.0,37.0,5.0,5.0,20.0,506.0,875.0,513.0,1.0,69.0,0.0,1.0,379.0,20.0,141.0,1.0,59.0,12.0,6.0,19.0,1.0,24.0,0.0,0.00676353
7619,Tuvalu,TUV,2019,0.002211708,0.0,0.0,0.0,0.0,0.0,0.0,0.0,0.0,0.0,0.0,0.0,1.0,0.0,0.0,0.0,0.0,0.0,0.0,0.0,0.0,0.0,0.0,0.0,0.0,0.0,0.0,0.0,0.253456625
7649,Uganda,UGA,2019,74.8326563,192.0,2545.0,31.0,983.0,3759.0,433.0,72.0,124.0,336.0,6471.0,6886.0,8360.0,21.0,4431.0,0.0,68.0,12788.0,2156.0,5060.0,2102.0,4493.0,216.0,551.0,874.0,1776.0,332.0,17386.0,5943.258319
7679,Ukraine,UKR,2019,1.321790131,36.0,8.0,3.0,160.0,0.0,26.0,6.0,2.0,16.0,943.0,173.0,364.0,6.0,224.0,0.0,1.0,305.0,67.0,403.0,1.0,15.0,54.0,40.0,11.0,22.0,63.0,0.0,0.005132251
7709,United Arab Emirates,ARE,2019,0.469610913,0.0,1.0,0.0,9.0,0.0,0.0,0.0,3.0,4.0,124.0,5.0,35.0,0.0,7.0,0.0,0.0,6.0,1.0,33.0,10.0,2.0,1.0,12.0,0.0,3.0,3.0,0.0,1.307279671
7739,United Kingdom,GBR,2019,0.192814569,13.0,1.0,1.0,102.0,0.0,24.0,2.0,9.0,38.0,867.0,99.0,1103.0,0.0,43.0,0.0,2.0,218.0,39.0,117.0,2.0,9.0,10.0,20.0,1.0,5.0,15.0,0.0,46.36933329
7769,United States,USA,2019,3.470523752,708.0,14.0,3.0,566.0,0.0,380.0,16.0,63.0,495.0,5463.0,538.0,6400.0,17.0,699.0,4.0,21.0,1608.0,124.0,2272.0,9.0,60.0,160.0,535.0,2.0,27.0,412.0,0.0,1.912455485
7799,United States Virgin Islands,VIR,2019,0.001209238,0.0,0.0,0.0,0.0,0.0,0.0,0.0,0.0,0.0,2.0,0.0,2.0,0.0,0.0,0.0,0.0,1.0,0.0,1.0,1.0,0.0,0.0,0.0,0.0,0.0,0.0,0.0,0.481270353
7829,Uruguay,URY,2019,0.00167686,2.0,5.0,0.0,10.0,0.0,3.0,0.0,1.0,3.0,123.0,24.0,68.0,0.0,26.0,0.0,0.0,27.0,1.0,27.0,0.0,6.0,4.0,5.0,0.0,0.0,3.0,0.0,0.115123773
7859,Uzbekistan,UZB,2019,0.536054668,9.0,7.0,22.0,170.0,0.0,109.0,21.0,20.0,22.0,1455.0,6475.0,1830.0,3.0,439.0,0.0,2.0,2527.0,34.0,439.0,0.0,118.0,92.0,100.0,111.0,6.0,348.0,0.0,0.016729307
7889,Vanuatu,VUT,2019,0.204211096,0.0,4.0,0.0,2.0,4.0,1.0,0.0,0.0,2.0,17.0,29.0,35.0,0.0,5.0,0.0,0.0,18.0,2.0,11.0,12.0,11.0,0.0,2.0,1.0,1.0,3.0,0.0,17.14308511
7919,Venezuela,VEN,2019,0.153128473,77.0,165.0,1.0,116.0,0.0,56.0,6.0,18.0,18.0,1508.0,673.0,1646.0,0.0,793.0,0.0,4.0,659.0,71.0,226.0,15.0,361.0,15.0,107.0,9.0,23.0,64.0,66.0,8.726025024
7949,Vietnam,VNM,2019,21.15375289,18.0,46.0,4.0,270.0,177.0,182.0,30.0,56.0,203.0,3026.0,2356.0,3557.0,6.0,1816.0,0.0,19.0,645.0,273.0,413.0,590.0,121.0,53.0,156.0,81.0,5.0,993.0,2.0,221.1571669
8339,Yemen,YEM,2019,55.67190938,35.0,542.0,53.0,248.0,366.0,267.0,93.0,81.0,477.0,7622.0,2887.0,10249.0,4.0,439.0,0.0,20.0,1595.0,196.0,6492.0,901.0,5950.0,144.0,1124.0,65.0,86.0,218.0,64.0,395.374377
8369,Zambia,ZMB,2019,44.87112277,71.0,986.0,14.0,399.0,137.0,243.0,51.0,52.0,126.0,2536.0,3559.0,2196.0,8.0,1689.0,1.0,30.0,3883.0,609.0,1984.0,455.0,3754.0,92.0,147.0,251.0,3022.0,130.0,2496.0,1329.450148
8399,Zimbabwe,ZWE,2019,107.7799944,31.0,1598.0,15.0,57.0,349.0,89.0,11.0,27.0,178.0,1118.0,4590.0,3605.0,2.0,1170.0,85.0,12.0,1592.0,355.0,2190.0,536.0,1067.0,112.0,112.0,661.0,1394.0,127.0,1207.0,412.6665309
